{
  "id": "102019b2c16d59e711599389bc409f781c1",
  "version": "102019b2c16d59d7ecc86b3939b66d11a6b",
  "schema": {
    "name": "chat_change",
    "description": "Logs of chat-based interactions that modify the epic content",
    "fields": [
      {
        "name": "id",
        "description": "Unique identifier for each data of this entity.",
        "type": 1,
        "compliance": {
          "confidentiality": 2,
          "reason": "Internal system identifier"
        }
      },
      {
        "name": "data_creator",
        "description": "id of the user who creates the record",
        "type": 1,
        "compliance": {
          "confidentiality": 2,
          "reason": "Internal user tracking"
        }
      },
      {
        "name": "data_updater",
        "description": "id of the user who updates the record",
        "type": 1,
        "compliance": {
          "confidentiality": 2,
          "reason": "Internal user tracking"
        }
      },
      {
        "name": "create_time",
        "description": "create time in timestamp unix",
        "type": 1,
        "compliance": {
          "confidentiality": 2,
          "reason": "Audit trail"
        },
        "format": "timestamp"
      },
      {
        "name": "update_time",
        "description": "update time in timestamp unix",
        "type": 1,
        "compliance": {
          "confidentiality": 2,
          "reason": "Audit trail"
        },
        "format": "timestamp"
      },
      {
        "name": "session_id",
        "description": "Foreign key reference to the parent epic session",
        "type": 1,
        "compliance": {
          "confidentiality": 2,
          "reason": "Relational integrity"
        }
      },
      {
        "name": "user_message",
        "description": "The prompt or message sent by the user",
        "type": 1,
        "compliance": {
          "confidentiality": 3,
          "reason": "User intent and potentially sensitive context"
        }
      },
      {
        "name": "applied_patch",
        "description": "JSON string representing the diff or patch applied to the content",
        "type": 1,
        "compliance": {
          "confidentiality": 3,
          "reason": "Technical change log"
        }
      },
      {
        "name": "result_version_id",
        "description": "Reference to the epic version created as a result of this change",
        "type": 1,
        "compliance": {
          "confidentiality": 2,
          "reason": "Relational integrity"
        },
        "nullable": true
      }
    ],
    "indexes": [
      {
        "fields": [
          "id"
        ],
        "unique": true,
        "primary": true,
        "order": false
      },
      {
        "fields": [
          "data_creator"
        ],
        "order": false
      },
      {
        "fields": [
          "data_updater"
        ],
        "order": false
      },
      {
        "fields": [
          "create_time",
          "session_id"
        ],
        "order": true
      }
    ],
    "relations": [
      {
        "referencing_fields": [
          "session_id"
        ],
        "referenced_entity": {
          "name": "epic_session"
        },
        "referenced_fields": [
          "id"
        ],
        "cascade": true
      },
      {
        "referencing_fields": [
          "result_version_id"
        ],
        "referenced_entity": {
          "name": "epic_version"
        },
        "referenced_fields": [
          "id"
        ]
      }
    ]
  },
  "task": {
    "id": "694293f72eab16aef53ce656",
    "root": "694293f72eab16aef53ce656",
    "project": "694293f72eab16aef53ce655",
    "user": "88b10340-6041-701b-7e5b-0c885299f26a"
  },
  "namespace": {
    "id": "01987547fc6c72ecb453bd2736bd4ea0",
    "tenant": 2,
    "name": "global-1",
    "default": true
  },
  "revision": 1
}