{
  "id": "102019b2c16d59e70758b23494c06fca74f",
  "version": "102019b2c16d59d7ecc86b3939b66d11a6b",
  "schema": {
    "name": "epic_field",
    "description": "Individual wizard steps or fields contributing to the epic definition",
    "fields": [
      {
        "name": "id",
        "description": "Unique identifier for each data of this entity.",
        "type": 1,
        "compliance": {
          "confidentiality": 2,
          "reason": "Internal system identifier"
        }
      },
      {
        "name": "data_creator",
        "description": "id of the user who creates the record",
        "type": 1,
        "compliance": {
          "confidentiality": 2,
          "reason": "Internal user tracking"
        }
      },
      {
        "name": "data_updater",
        "description": "id of the user who updates the record",
        "type": 1,
        "compliance": {
          "confidentiality": 2,
          "reason": "Internal user tracking"
        }
      },
      {
        "name": "create_time",
        "description": "create time in timestamp unix",
        "type": 1,
        "compliance": {
          "confidentiality": 2,
          "reason": "Audit trail"
        },
        "format": "timestamp"
      },
      {
        "name": "update_time",
        "description": "update time in timestamp unix",
        "type": 1,
        "compliance": {
          "confidentiality": 2,
          "reason": "Audit trail"
        },
        "format": "timestamp"
      },
      {
        "name": "session_id",
        "description": "Foreign key reference to the parent epic session",
        "type": 1,
        "compliance": {
          "confidentiality": 2,
          "reason": "Relational integrity"
        }
      },
      {
        "name": "field_name",
        "description": "Name of the field (e.g. objective, scope)",
        "type": 1,
        "compliance": {
          "confidentiality": 2,
          "reason": "Content structure"
        }
      },
      {
        "name": "original_value",
        "description": "The initial raw input for this field",
        "type": 1,
        "compliance": {
          "confidentiality": 3,
          "reason": "Potentially sensitive business logic"
        },
        "nullable": true
      },
      {
        "name": "refined_value",
        "description": "The AI refined or polished version of the field content",
        "type": 1,
        "compliance": {
          "confidentiality": 3,
          "reason": "Potentially sensitive business logic"
        },
        "nullable": true
      },
      {
        "name": "step",
        "description": "The wizard step number associated with this field",
        "type": 2,
        "compliance": {
          "confidentiality": 2,
          "reason": "UI flow logic"
        },
        "taxonomy": {
          "category": "Metadata",
          "subject": "Process"
        },
        "reference": {
          "name": "wizard_step"
        },
        "numeric": "int"
      }
    ],
    "indexes": [
      {
        "fields": [
          "id"
        ],
        "unique": true,
        "primary": true,
        "order": false
      },
      {
        "fields": [
          "data_creator"
        ],
        "order": false
      },
      {
        "fields": [
          "data_updater"
        ],
        "order": false
      },
      {
        "fields": [
          "session_id",
          "step"
        ],
        "order": true
      },
      {
        "fields": [
          "field_name",
          "session_id"
        ],
        "unique": true,
        "order": false
      }
    ],
    "relations": [
      {
        "referencing_fields": [
          "session_id"
        ],
        "referenced_entity": {
          "name": "epic_session"
        },
        "referenced_fields": [
          "id"
        ],
        "cascade": true
      }
    ]
  },
  "task": {
    "id": "694293f72eab16aef53ce656",
    "root": "694293f72eab16aef53ce656",
    "project": "694293f72eab16aef53ce655",
    "user": "88b10340-6041-701b-7e5b-0c885299f26a"
  },
  "namespace": {
    "id": "01987547fc6c72ecb453bd2736bd4ea0",
    "tenant": 2,
    "name": "global-1",
    "default": true
  },
  "revision": 1
}