{
  "id": "102019b2c16d59e70389c762f18c32cccbb",
  "version": "102019b2c16d59d7ecc86b3939b66d11a6b",
  "schema": {
    "name": "epic_session",
    "description": "Manages the lifecycle and core metadata of a technical design epic session",
    "fields": [
      {
        "name": "id",
        "description": "Unique identifier for each data of this entity.",
        "type": 1,
        "compliance": {
          "confidentiality": 2,
          "reason": "Internal system identifier"
        }
      },
      {
        "name": "data_creator",
        "description": "id of the user who creates the record",
        "type": 1,
        "compliance": {
          "confidentiality": 2,
          "reason": "Internal user tracking"
        }
      },
      {
        "name": "data_updater",
        "description": "id of the user who updates the record",
        "type": 1,
        "compliance": {
          "confidentiality": 2,
          "reason": "Internal user tracking"
        }
      },
      {
        "name": "create_time",
        "description": "create time in timestamp unix",
        "type": 1,
        "compliance": {
          "confidentiality": 2,
          "reason": "Audit trail"
        },
        "format": "timestamp"
      },
      {
        "name": "update_time",
        "description": "update time in timestamp unix",
        "type": 1,
        "compliance": {
          "confidentiality": 2,
          "reason": "Audit trail"
        },
        "format": "timestamp"
      },
      {
        "name": "project_name",
        "description": "Name of the project the epic belongs to",
        "type": 1,
        "compliance": {
          "confidentiality": 2,
          "reason": "Internal project information"
        }
      },
      {
        "name": "status",
        "description": "Current status of the epic session",
        "type": 100,
        "compliance": {
          "confidentiality": 2,
          "reason": "Workflow status"
        },
        "enumeration": [
          {
            "value": "Unspecified"
          },
          {
            "number": 1,
            "value": "Draft"
          },
          {
            "number": 2,
            "value": "InReview"
          },
          {
            "number": 3,
            "value": "Approved"
          },
          {
            "number": 4,
            "value": "Published"
          }
        ]
      },
      {
        "name": "target_date",
        "description": "Target completion date for the epic",
        "type": 1,
        "compliance": {
          "confidentiality": 2,
          "reason": "Internal planning data"
        },
        "nullable": true,
        "format": "date"
      },
      {
        "name": "stakeholders",
        "description": "List of user names or IDs involved in the epic",
        "type": 101,
        "compliance": {
          "confidentiality": 2,
          "reason": "Internal team structure"
        },
        "nullable": true,
        "items": {
          "description": "Stakeholder name or identifier",
          "type": 1,
          "taxonomy": {
            "category": "Identity",
            "subject": "Stakeholder"
          },
          "reference": {
            "name": "user"
          }
        }
      },
      {
        "name": "labels",
        "description": "Tags or labels associated with the epic",
        "type": 101,
        "compliance": {
          "confidentiality": 2,
          "reason": "Classification metadata"
        },
        "nullable": true,
        "items": {
          "description": "Label text",
          "type": 1
        }
      }
    ],
    "indexes": [
      {
        "fields": [
          "id"
        ],
        "unique": true,
        "primary": true,
        "order": false
      },
      {
        "fields": [
          "data_creator"
        ],
        "order": false
      },
      {
        "fields": [
          "data_updater"
        ],
        "order": false
      },
      {
        "fields": [
          "create_time",
          "project_name"
        ],
        "order": true
      },
      {
        "fields": [
          "status"
        ],
        "order": false
      }
    ]
  },
  "task": {
    "id": "694293f72eab16aef53ce656",
    "root": "694293f72eab16aef53ce656",
    "project": "694293f72eab16aef53ce655",
    "user": "88b10340-6041-701b-7e5b-0c885299f26a"
  },
  "namespace": {
    "id": "01987547fc6c72ecb453bd2736bd4ea0",
    "tenant": 2,
    "name": "global-1",
    "default": true
  },
  "revision": 1
}