{
  "id": "102019b2c16d59e70979337924e2fe0af4c",
  "version": "102019b2c16d59d7ecc86b3939b66d11a6b",
  "schema": {
    "name": "epic_version",
    "description": "Snapshots of the generated epic markdown content",
    "fields": [
      {
        "name": "id",
        "description": "Unique identifier for each data of this entity.",
        "type": 1,
        "compliance": {
          "confidentiality": 2,
          "reason": "Internal system identifier"
        }
      },
      {
        "name": "data_creator",
        "description": "id of the user who creates the record",
        "type": 1,
        "compliance": {
          "confidentiality": 2,
          "reason": "Internal user tracking"
        }
      },
      {
        "name": "data_updater",
        "description": "id of the user who updates the record",
        "type": 1,
        "compliance": {
          "confidentiality": 2,
          "reason": "Internal user tracking"
        }
      },
      {
        "name": "create_time",
        "description": "create time in timestamp unix",
        "type": 1,
        "compliance": {
          "confidentiality": 2,
          "reason": "Audit trail"
        },
        "format": "timestamp"
      },
      {
        "name": "update_time",
        "description": "update time in timestamp unix",
        "type": 1,
        "compliance": {
          "confidentiality": 2,
          "reason": "Audit trail"
        },
        "format": "timestamp"
      },
      {
        "name": "session_id",
        "description": "Foreign key reference to the parent epic session",
        "type": 1,
        "compliance": {
          "confidentiality": 2,
          "reason": "Relational integrity"
        }
      },
      {
        "name": "markdown_content",
        "description": "The full markdown content of the epic version",
        "type": 1,
        "compliance": {
          "confidentiality": 3,
          "reason": "Core confidential technical documentation"
        }
      },
      {
        "name": "version_number",
        "description": "Sequential integer representing the version order",
        "type": 2,
        "compliance": {
          "confidentiality": 2,
          "reason": "Versioning logic"
        },
        "taxonomy": {
          "category": "Metadata",
          "subject": "Versioning"
        },
        "numeric": "int"
      },
      {
        "name": "created_by",
        "description": "Source of the version creation",
        "type": 100,
        "compliance": {
          "confidentiality": 2,
          "reason": "Audit of agent/user action"
        },
        "enumeration": [
          {
            "value": "Unspecified"
          },
          {
            "number": 1,
            "value": "User"
          },
          {
            "number": 2,
            "value": "LLM"
          },
          {
            "number": 3,
            "value": "Chat"
          }
        ]
      }
    ],
    "indexes": [
      {
        "fields": [
          "id"
        ],
        "unique": true,
        "primary": true,
        "order": false
      },
      {
        "fields": [
          "data_creator"
        ],
        "order": false
      },
      {
        "fields": [
          "data_updater"
        ],
        "order": false
      },
      {
        "fields": [
          "session_id",
          "version_number"
        ],
        "unique": true,
        "order": true
      },
      {
        "fields": [
          "create_time",
          "session_id"
        ],
        "order": true
      }
    ],
    "relations": [
      {
        "referencing_fields": [
          "session_id"
        ],
        "referenced_entity": {
          "name": "epic_session"
        },
        "referenced_fields": [
          "id"
        ],
        "cascade": true
      }
    ]
  },
  "task": {
    "id": "694293f72eab16aef53ce656",
    "root": "694293f72eab16aef53ce656",
    "project": "694293f72eab16aef53ce655",
    "user": "88b10340-6041-701b-7e5b-0c885299f26a"
  },
  "namespace": {
    "id": "01987547fc6c72ecb453bd2736bd4ea0",
    "tenant": 2,
    "name": "global-1",
    "default": true
  },
  "revision": 1
}