{
  "id": "102019b2c16d59e70e8941587f37ab47409",
  "version": "102019b2c16d59d7ecc86b3939b66d11a6b",
  "schema": {
    "name": "review_suggestion",
    "description": "Suggestions and feedback applied to specific epic versions",
    "fields": [
      {
        "name": "id",
        "description": "Unique identifier for each data of this entity.",
        "type": 1,
        "compliance": {
          "confidentiality": 2,
          "reason": "Internal system identifier"
        }
      },
      {
        "name": "data_creator",
        "description": "id of the user who creates the record",
        "type": 1,
        "compliance": {
          "confidentiality": 2,
          "reason": "Internal user tracking"
        }
      },
      {
        "name": "data_updater",
        "description": "id of the user who updates the record",
        "type": 1,
        "compliance": {
          "confidentiality": 2,
          "reason": "Internal user tracking"
        }
      },
      {
        "name": "create_time",
        "description": "create time in timestamp unix",
        "type": 1,
        "compliance": {
          "confidentiality": 2,
          "reason": "Audit trail"
        },
        "format": "timestamp"
      },
      {
        "name": "update_time",
        "description": "update time in timestamp unix",
        "type": 1,
        "compliance": {
          "confidentiality": 2,
          "reason": "Audit trail"
        },
        "format": "timestamp"
      },
      {
        "name": "version_id",
        "description": "Foreign key reference to the epic version",
        "type": 1,
        "compliance": {
          "confidentiality": 2,
          "reason": "Relational integrity"
        }
      },
      {
        "name": "section_name",
        "description": "The specific section of the document the suggestion applies to",
        "type": 1,
        "compliance": {
          "confidentiality": 2,
          "reason": "Document structure"
        }
      },
      {
        "name": "suggestion_text",
        "description": "The content of the suggestion",
        "type": 1,
        "compliance": {
          "confidentiality": 3,
          "reason": "Business logic feedback"
        }
      },
      {
        "name": "severity",
        "description": "Importance level of the suggestion",
        "type": 100,
        "compliance": {
          "confidentiality": 2,
          "reason": "Prioritization metadata"
        },
        "enumeration": [
          {
            "value": "Unspecified"
          },
          {
            "number": 1,
            "value": "High"
          },
          {
            "number": 2,
            "value": "Medium"
          },
          {
            "number": 3,
            "value": "Low"
          }
        ]
      },
      {
        "name": "status",
        "description": "Current state of the review suggestion",
        "type": 100,
        "compliance": {
          "confidentiality": 2,
          "reason": "Workflow status"
        },
        "enumeration": [
          {
            "value": "Unspecified"
          },
          {
            "number": 1,
            "value": "Pending"
          },
          {
            "number": 2,
            "value": "Accepted"
          },
          {
            "number": 3,
            "value": "Discarded"
          },
          {
            "number": 4,
            "value": "Overridden"
          }
        ]
      },
      {
        "name": "override_text",
        "description": "Explanation or modified text if the suggestion is overridden",
        "type": 1,
        "compliance": {
          "confidentiality": 3,
          "reason": "Business logic refinement"
        },
        "nullable": true
      }
    ],
    "indexes": [
      {
        "fields": [
          "id"
        ],
        "unique": true,
        "primary": true,
        "order": false
      },
      {
        "fields": [
          "data_creator"
        ],
        "order": false
      },
      {
        "fields": [
          "data_updater"
        ],
        "order": false
      },
      {
        "fields": [
          "status",
          "version_id"
        ],
        "order": false
      }
    ],
    "relations": [
      {
        "referencing_fields": [
          "version_id"
        ],
        "referenced_entity": {
          "name": "epic_version"
        },
        "referenced_fields": [
          "id"
        ],
        "cascade": true
      }
    ]
  },
  "task": {
    "id": "694293f72eab16aef53ce656",
    "root": "694293f72eab16aef53ce656",
    "project": "694293f72eab16aef53ce655",
    "user": "88b10340-6041-701b-7e5b-0c885299f26a"
  },
  "namespace": {
    "id": "01987547fc6c72ecb453bd2736bd4ea0",
    "tenant": 2,
    "name": "global-1",
    "default": true
  },
  "revision": 1
}